activity,timestamp
2,58.69168981481482
4,83.13908564814815
1,9.37023148148148
1,6.183356481481482
1,5.909421296296296
1,59.102199074074065
1,31.878344907407413
3,0.0005787037037037037
2,0.0011805555555555556
1,44.866805555555565
2,82.01297453703705
2,0.03127314814814815
4,0.00016203703703703703
1,0.0024189814814814816
2,0.7581365740740741
1,0.012476851851851852
1,0.31841435185185185
2,140.14510416666667
4,0.014560185185185185
4,202.93951388888888
4,110.0345601851852
1,21.06140046296296
2,25.42502314814815
4,98.46508101851852
2,0.0007986111111111113
1,1.4676736111111108
3,0.4799768518518519
3,13.189826388888891
2,62.0642939814815
4,76.95555555555555
2,0.0008333333333333334
1,0.003240740740740741
2,6.872986111111112
4,97.00802083333332
4,200.90858796296294
1,0.002928240740740741
2,0.0031828703703703698
3,0.00011574074074074077
2,124.56525462962965
4,0.0002662037037037037
5,97.03001157407408
4,56.050949074074076
1,0.006770833333333334
2,0.08565972222222222
3,0.00011574074074074077
2,122.74902777777778
4,0.01369212962962963
5,97.73320601851853
4,97.69356481481482
1,0.0010300925925925926
2,0.00550925925925926
3,0.0001851851851851852
2,122.1817476851852
4,0.009861111111111109
1,0.0005092592592592592
2,10.951134259259259
5,9.25925925925926e-05
1,57.136932870370366
3,1.9653587962962964
1,40.73680555555556
2,0.008483796296296297
5,0.00040509259259259264
3,34.051990740740735
5,0.007858796296296296
1,9.191423611111109
2,26.988611111111112
5,0.00021990740740740743
4,25.879826388888887
1,0.0008333333333333334
1,24.93797453703704
3,8.101851851851852e-05
2,57.146574074074074
4,85.73201388888889
5,111.05539351851853
4,82.74020833333333
4,117.6017476851852
3,0.0006712962962962962
2,98.97371527777777
4,0.00045138888888888887
4,97.81903935185187
1,0.01
2,0.031678240740740736
3,0.0013541666666666667
2,91.67454861111109
4,0.000787037037037037
1,0.00619212962962963
2,0.005358796296296296
3,0.00010416666666666667
2,122.1969212962963
4,0.000787037037037037
1,66.60567129629631
2,10.055532407407409
1,0.0048958333333333345
2,62.85778935185186
2,0.002731481481481481
2,1.217488425925926
4,2.314814814814815e-05
4,104.69890046296295
4,152.15487268518518
4,119.24545138888891
1,0.0040625
3,19.656493055555554
2,78.8441087962963
4,8.101851851851852e-05
1,0.009328703703703705
2,0.32971064814814816
1,0.00016203703703703703
2,0.05099537037037037
5,10.992905092592592
1,8.159733796296296
2,0.0006712962962962962
1,6.944444444444444e-05
2,0.0009837962962962962
4,0.0009722222222222223
2,3.0320717592592583
2,20.645300925925923
2,46.084710648148146
4,0.00960648148148148
4,124.99989583333333
2,138.02877314814816
4,4.629629629629629e-05
1,0.0018171296296296297
2,0.0074305555555555566
3,9.25925925925926e-05
2,95.08763888888888
4,1.1574074074074072e-05
4,115.32421296296295
2,36.09267361111111
4,50.079085648148144
5,0.0006018518518518519
4,167.90850694444444
3,0.0010069444444444444
2,1.1574074074074072e-05
5,1.0801851851851851
4,97.97038194444444
4,113.04756944444445
5,58.78300925925926
4,68.28778935185187
3,0.002361111111111111
2,14.833298611111115
5,0.009560185185185184
4,111.92122685185187
4,112.70708333333332
5,0.012731481481481479
1,5.8736342592592585
2,108.07753472222224
4,0.0013194444444444445
2,0.005
2,86.47034722222222
2,6.111909722222222
4,68.00215277777778
3,0.01008101851851852
3,99.08665509259261
5,106.18457175925926
2,0.00017361111111111112
4,5.650787037037038
2,0.12787037037037038
4,166.97743055555554
5,0.0010995370370370369
4,12.016215277777777
2,86.02721064814814
1,0.007696759259259259
1,1.1574074074074072e-05
2,41.09244212962963
2,0.008344907407407407
3,1.152824074074074
1,6.512268518518519
1,0.1902083333333333
2,5.9200231481481485
4,6.944444444444444e-05
1,0.054305555555555565
2,5.4642476851851844
5,0.00011574074074074077
3,0.006527777777777778
2,84.73975694444445
4,0.0006018518518518519
4,81.98253472222223
4,81.98053240740741
1,0.003206018518518518
2,4.803148148148149
5,0.00010416666666666667
2,77.90616898148149
3,35.79862268518519
2,48.107372685185176
4,0.0019212962962962964
4,154.08581018518518
1,0.001736111111111111
3,0.0012268518518518518
2,117.93179398148148
5,4.280405092592591
4,38.9215625
4,143.0209375
4,117.73258101851853
4,81.79231481481482
4,99.93162037037035
5,106.65671296296296
4,5.993900462962962
1,0.03747685185185185
1,1.1574074074074072e-05
2,0.7494328703703703
5,0.2573842592592593
4,79.79188657407406
4,83.07483796296295
2,0.0002546296296296296
1,0.0017013888888888886
2,40.899930555555564
3,13.858356481481481
2,56.21515046296296
4,0.001990740740740741
4,163.8374884259259
4,15.895046296296293
2,10.42417824074074
1,11.055081018518518
2,2.6619907407407406
4,37.98398148148148
2,0.02505787037037037
1,0.007881944444444445
2,0.001377314814814815
2,0.0014004629629629632
4,175.94210648148152
4,125.82482638888891
2,0.5767013888888889
4,17.336145833333333
2,4.83650462962963
4,53.64289351851853
4,98.55775462962966
4,144.9441550925926
1,0.0029745370370370373
2,0.002407407407407408
3,9.25925925925926e-05
2,109.09484953703705
4,0.0030902777777777773
1,0.0013541666666666667
2,1.6214930555555556
4,142.61331018518518
1,0.008043981481481482
2,1.6100231481481482
4,87.66606481481482
4,102.95931712962962
5,0.0007523148148148147
2,3.042546296296296
5,43.90254629629629
2,35.93384259259259
4,0.0007523148148148147
1,0.0016203703703703705
2,29.81221064814815
4,57.96686342592593
4,77.82172453703704
4,77.98747685185184
5,0.002002314814814815
2,193.32447916666663
4,2.314814814814815e-05
3,0.0038078703703703694
2,32.18263888888889
4,44.99378472222222
4,71.02881944444445
4,178.79364583333333
2,71.38880787037039
5,8.101851851851852e-05
1,62.969224537037036
1,5.2460300925925925
2,15.906469907407407
4,0.0005439814814814813
3,33.87381944444444
2,93.11986111111109
4,1.1574074074074072e-05
4,126.02577546296295
4,177.74366898148148
4,70.01925925925926
4,112.27755787037034
2,1.1207870370370372
4,63.63527777777777
2,0.022060185185185183
4,32.30518518518519
2,5.6647337962962965
3,0.0006018518518518519
2,143.05751157407408
4,0.0015393518518518519
3,0.1239699074074074
2,148.05204861111108
4,9.25925925925926e-05
3,0.006574074074074074
2,11.247430555555557
2,111.63947916666666
4,36.26857638888889
4,73.90454861111111
1,0.025902777777777775
2,0.9708564814814816
5,9.25925925925926e-05
4,73.93541666666667
1,0.8486226851851851
2,3.8470138888888887
2,0.11677083333333335
5,0.00011574074074074077
4,118.95451388888887
2,0.0009143518518518517
4,94.92278935185185
2,166.98291666666663
4,0.0002546296296296296
4,70.07045138888888
2,0.05505787037037037
2,25.04892361111111
4,41.98262731481481
2,0.006759259259259259
2,53.92063657407408
5,0.0002662037037037037
1,9.193020833333334
2,51.469085648148145
4,18.361030092592596
2,0.004594907407407408
2,0.0014004629629629632
5,41.25391203703704
4,66.72
4,66.82454861111111
1,0.00034722222222222224
2,4.259722222222221
4,74.83924768518519
2,0.0018171296296296297
4,64.86940972222223
1,0.005914351851851852
2,17.32150462962963
1,0.0017476851851851852
2,0.1313425925925926
4,144.9725925925926
1,0.002326388888888889
2,0.2638657407407408
3,0.0007175925925925926
5,64.1930324074074
4,1.1574074074074072e-05
1,0.002534722222222222
2,0.2608564814814815
3,0.05625
4,64.13711805555556
4,68.99728009259259
3,5.9830902777777775
2,63.035011574074076
4,0.0001273148148148148
1,0.05421296296296296
2,68.87230324074073
4,20.96471064814815
3,5.674201388888888
2,60.438449074074065
4,0.0010300925925925926
3,0.001724537037037037
2,19.24244212962963
4,69.95251157407408
1,0.007893518518518518
2,13.961342592592592
1,0.038125
1,0.003796296296296296
2,0.8674652777777778
2,0.06253472222222223
1,0.0026157407407407405
3,0.00043981481481481486
1,0.21605324074074075
2,0.012199074074074074
2,5.763506944444443
1,13.233020833333333
2,0.0005439814814814813
4,51.99835648148147
1,6.944444444444444e-05
2,7.017893518518518
4,54.89324074074074
4,84.6262037037037
3,76.25907407407408
2,34.80159722222222
4,0.0011342592592592591
1,34.21747685185185
2,9.25925925925926e-05
1,0.0020486111111111113
2,34.05795138888889
4,0.0010069444444444444
4,70.04445601851853
4,60.839571759259265
2,90.7310648148148
3,0.000300925925925926
2,35.06912037037037
4,0.0004282407407407408
5,0.00010416666666666667
2,59.975335648148146
4,38.002546296296295
5,0.0015625
2,59.974722222222226
4,37.998576388888885
1,59.985532407407405
2,0.047881944444444435
5,9.25925925925926e-05
4,87.17695601851852
4,97.97423611111113
2,59.9737037037037
4,37.997766203703705
4,97.96931712962964
5,0.08056712962962963
4,199.0602662037037
4,170.89143518518517
1,0.006585648148148148
2,0.9757870370370372
1,0.0020370370370370373
2,0.022581018518518518
5,0.03695601851851852
2,0.070625
1,0.001238425925925926
2,0.954976851851852
3,1.0596990740740742
2,0.0008217592592592593
4,15.854293981481481
2,12.198483796296294
1,0.00125
2,0.00125
3,0.00038194444444444446
1,0.014317129629629631
2,46.35409722222222
4,0.00043981481481481486
5,0.0005208333333333333
3,0.0003125
3,1.3368171296296296
5,196.9527662037037
4,4.7275
4,63.166759259259265
4,84.13950231481482
4,198.0490162037037
4,85.03774305555554
4,85.03706018518518
4,85.03640046296294
5,0.016805555555555556
4,63.69481481481481
1,1.1574074074074072e-05
2,0.0010995370370370369
1,0.00015046296296296297
2,0.00047453703703703693
2,0.005289351851851852
4,84.94446759259259
4,156.0003125
1,0.006423611111111111
2,2.519351851851852
1,0.0027199074074074074
2,0.002349537037037037
1,54.36109953703704
2,0.00027777777777777783
4,0.0026041666666666665
5,0.0005787037037037037
4,70.18918981481481
2,0.037974537037037036
4,104.97376157407408
3,30.046111111111113
5,0.09622685185185187
3,34.79863425925926
2,6.86025462962963
5,12.243275462962966
4,71.93416666666667
4,97.88660879629629
5,0.004039351851851852
4,60.07271990740741
1,0.00125
1,2.017210648148148
1,18.120243055555555
2,34.23877314814815
5,4.629629629629629e-05
4,53.97633101851852
5,114.89133101851853
4,0.00040509259259259264
1,0.0024189814814814816
2,35.60534722222222
2,59.76512731481481
4,9.25925925925926e-05
1,0.0007523148148148147
2,35.261863425925924
4,15.977604166666667
2,0.0014814814814814814
2,121.01539351851852
3,0.0017708333333333332
2,0.060474537037037035
4,1.1574074074074072e-05
2,0.0004976851851851852
1,2.9537615740740732
2,25.858611111111113
4,84.19903935185185
5,24.11534722222223
4,101.16276620370371
4,72.97922453703706
4,91.83189814814814
1,0.0004976851851851852
2,5.739756944444443
4,184.290625
1,2.6691550925925926
2,2.9945601851851853
5,0.001828703703703704
2,63.85835648148148
4,20.014652777777773
5,0.04943287037037037
2,58.09597222222222
4,0.0006481481481481481
1,0.02101851851851852
2,32.929074074074066
4,15.939513888888891
3,0.01056712962962963
2,67.03146990740741
4,37.063240740740746
5,39.263310185185176
4,6.835046296296296
5,62.247361111111104
4,6.051550925925926
5,0.001898148148148148
2,0.037766203703703705
4,89.065625
4,117.1650925925926
4,75.02260416666667
2,33.0875
5,0.00021990740740740743
4,83.90115740740741
4,60.05386574074074
1,0.0013888888888888892
2,1.4769675925925927
1,0.002210648148148148
2,64.09083333333334
5,0.0006018518518518519
4,7.146435185185185
5,7.275972222222222
2,7.18525462962963
4,65.0442939814815
2,0.0010763888888888887
5,55.65943287037037
1,35.958518518518524
2,0.03252314814814815
1,0.14631944444444445
2,5.9950578703703705
4,15.837465277777778
4,46.105393518518525
1,0.006168981481481482
2,7.598842592592592
5,0.003240740740740741
4,107.67834490740739
4,43.133159722222224
1,0.00425925925925926
2,70.57063657407406
4,41.8602662037037
1,0.007893518518518518
2,113.3636226851852
4,0.00020833333333333332
4,118.27871527777779
4,50.9340162037037
5,75.31229166666667
4,78.039375
4,125.06497685185184
5,0.002465277777777777
1,26.971631944444447
1,29.58403935185185
2,24.03484953703704
5,9.25925925925926e-05
2,31.37516203703704
4,9.25925925925926e-05
2,0.000625
5,0.00550925925925926
3,0.002685185185185185
2,9.25925925925926e-05
3,0.00013888888888888892
4,115.70238425925926
4,82.78861111111111
2,0.14484953703703704
4,0.012604166666666666
1,0.003518518518518519
2,0.0013078703703703705
1,0.0010648148148148149
2,0.16233796296296296
4,62.9490625
3,40.95689814814815
2,108.98253472222223
4,0.0006712962962962962
1,5.8758333333333335
2,0.0009143518518518517
1,0.2114236111111111
2,0.0005555555555555557
3,0.00045138888888888887
2,5.787037037037037e-05
4,33.862870370370366
4,58.793668981481474
5,9.6809375
4,65.56400462962964
4,1.0181597222222225
2,70.70394675925925
5,0.015520833333333331
1,28.40974537037037
2,5.9507870370370375
4,0.000462962962962963
5,1.6635185185185186
4,35.996307870370366
5,0.003125
1,1.933101851851852
3,21.152407407407406
2,53.68648148148148
2,0.0007060185185185185
4,0.00027777777777777783
4,20.021354166666665
2,30.30685185185185
4,0.0013425925925925925
2,26.880567129629632
4,0.00032407407407407406
1,0.16278935185185187
2,12.174340277777777
5,0.08605324074074074
4,38.0596875
1,0.13730324074074074
2,0.01116898148148148
1,0.0005324074074074074
2,35.77440972222223
4,0.0005324074074074074
1,0.014328703703703703
2,12.275752314814815
5,6.944444444444444e-05
4,38.06819444444445
1,0.0004166666666666667
3,0.00021990740740740743
2,14.026840277777776
4,37.14346064814815
3,4.975578703703704
5,42.23800925925926
4,41.9390625
5,0.00800925925925926
4,34.114074074074075
5,0.0628587962962963
2,0.6562037037037037
5,0.03726851851851852
2,0.21383101851851846
5,0.0061111111111111106
2,5.774097222222222
5,0.001261574074074074
2,9.014155092592592
5,0.06824074074074074
2,5.123773148148149
5,0.013935185185185186
2,1.038865740740741
5,0.0007523148148148147
2,11.917060185185184
5,0.027627314814814816
2,0.8275810185185185
5,0.0021990740740740738
2,0.11400462962962965
2,0.0109375
1,0.0005324074074074074
2,0.0005324074074074074
1,0.007349537037037037
2,0.007037037037037038
5,0.01895833333333333
1,0.8133449074074074
2,57.17328703703704
5,0.00849537037037037
1,5.8517476851851855
1,4.366342592592591
2,6.652349537037038
1,9.07224537037037
2,0.04075231481481482
2,0.04064814814814815
4,0.0014236111111111114
2,67.9627199074074
4,0.0017592592592592595
4,84.13954861111111
3,19.857627314814813
2,58.117453703703696
5,2.8701157407407414
2,4.167199074074073
3,0.005162037037037037
2,0.02280092592592593
4,3.472222222222222e-05
3,0.0013194444444444445
2,5.0074305555555565
2,162.86674768518517
4,6.944444444444444e-05
1,0.0006481481481481481
2,0.006030092592592593
5,0.004606481481481481
1,3.870497685185185
2,7.031064814814815
4,37.73767361111111
2,5.787037037037037e-05
4,0.00011574074074074077
1,0.0004282407407407408
2,0.13207175925925926
1,0.00013888888888888892
2,33.82069444444444
4,3.472222222222222e-05
1,0.00045138888888888887
2,10.170046296296297
5,6.944444444444444e-05
2,24.647847222222218
4,0.0007407407407407407
1,0.0019097222222222226
2,0.088125
3,0.0002662037037037037
2,30.999976851851848
2,1.104386574074074
3,0.0019328703703703704
2,48.93638888888889
4,4.629629629629629e-05
4,31.959016203703705
1,0.003935185185185185
2,3.945613425925927
1,0.0014699074074074074
2,0.05221064814814815
1,0.004027777777777778
2,0.040509259259259266
5,0.04165509259259259
1,54.97145833333333
2,1.1574074074074072e-05
1,0.0004282407407407408
2,0.002361111111111111
1,0.0003587962962962963
2,0.009513888888888891
3,0.0005787037037037037
2,14.002858796296294
5,0.0021064814814814813
4,21.067546296296296
2,0.018402777777777782
1,0.007361111111111111
2,20.03796296296296
5,60.03495370370371
5,0.7325347222222223
4,98.21177083333332
2,3.865729166666666
4,115.28519675925926
3,44.98067129629629
2,0.8103472222222222
4,0.0001273148148148148
5,9.905277777777778
4,51.063055555555565
4,38.77310185185185
1,0.009907407407407408
2,2.270462962962963
1,0.00028935185185185184
2,0.8770486111111111
2,5.937303240740741
1,14.915960648148149
2,0.17210648148148147
5,0.0013425925925925925
4,18.169074074074075
4,20.705150462962962
2,9.686516203703702
4,0.008078703703703704
4,49.1299537037037
1,0.01865740740740741
1,0.8064351851851852
2,1.9757870370370367
1,1.215775462962963
2,0.0007060185185185185
4,103.8290625
1,0.008263888888888888
2,0.802337962962963
4,0.050636574074074084
2,0.2037847222222222
3,54.9618287037037
3,2.2982407407407406
2,0.00021990740740740743
4,0.0008796296296296297
2,1.8587847222222225
1,2.112939814814814
2,0.00020833333333333332
3,0.00038194444444444446
2,0.0004282407407407408
1,33.395324074074075
2,0.4078472222222223
1,8.101851851851852e-05
2,0.0012847222222222225
4,0.0987962962962963
2,28.945034722222218
4,34.955486111111114
2,44.75655092592593
4,0.005115740740740741
4,64.26459490740741
4,150.2406365740741
1,0.0003587962962962963
2,5.38375
5,0.00013888888888888892
2,38.04310185185185
4,0.007835648148148149
4,135.04336805555556
1,0.00988425925925926
2,0.9526273148148148
1,0.02703703703703704
2,6.166956018518517
3,0.004409722222222222
4,53.82341435185185
3,0.006898148148148148
2,34.777129629629634
4,0.0002662037037037037
4,32.953738425925934
4,148.88359953703704
4,98.38996527777779
4,116.05033564814815
3,0.006226851851851852
2,5.067592592592591
2,155.99443287037036
4,0.002349537037037037
4,27.15528935185185
4,25.905868055555555
2,0.028449074074074075
1,0.0004166666666666667
3,1.0624768518518521
5,69.6899074074074
4,69.79907407407407
4,39.241180555555566
4,0.002766203703703704
2,3.133576388888889
2,0.0028703703703703703
4,9.015543981481484
2,15.963599537037034
4,0.0007523148148148147
2,0.10145833333333333
4,41.85887731481481
4,24.94670138888889
1,0.03783564814814815
1,0.0077314814814814815
3,0.032951388888888884
3,3.8599652777777784
1,1.981921296296296
2,127.32693287037036
4,6.944444444444444e-05
4,39.26956018518519
2,0.001828703703703704
2,0.00016203703703703703
1,0.00017361111111111112
2,0.14979166666666666
1,0.0013657407407407407
2,0.048576388888888884
5,8.101851851851852e-05
3,14.799247685185184
1,55.25318287037037
2,0.5487962962962963
2,0.1671412037037037
5,0.0001273148148148148
2,6.9238078703703705
1,0.0006365740740740741
2,0.012048611111111109
4,2.0203935185185187
1,0.0005208333333333333
3,0.08502314814814815
2,35.94196759259259
4,0.00045138888888888887
5,80.82553240740741
4,20.183009259259254
1,0.00027777777777777783
2,0.12746527777777775
5,9.25925925925926e-05
4,37.39387731481481
5,6.8306712962962965
4,155.09019675925927
4,139.3255324074074
5,13.134085648148147
2,143.81190972222225
4,0.0004282407407407408
5,0.05283564814814815
2,143.1956712962963
4,0.0016898148148148148
4,41.91756944444445
2,6.0668287037037025
4,41.849652777777784
5,8.032997685185185
4,96.81738425925926
2,30.84422453703704
4,4.0431134259259265
3,90.94903935185185
2,41.04701388888889
4,0.0008217592592592593
4,127.67913194444445
3,0.004178240740740741
2,125.01755787037035
4,3.472222222222222e-05
5,0.00020833333333333332
2,1.0763888888888888
5,5.9947337962962965
2,18.935196759259263
5,0.23194444444444445
4,55.971736111111106
4,67.86952546296297
2,53.98427083333333
5,0.2104976851851852
4,31.944259259259262
5,0.0004976851851851852
2,54.88318287037037
5,2.981122685185185
4,28.29392361111111
1,0.02732638888888889
2,1.7205555555555556
1,12.024375
2,4.980416666666667
5,0.005555555555555557
2,15.2134375
4,0.0007060185185185185
4,81.76858796296297
1,0.00045138888888888887
2,0.0049652777777777785
1,0.008888888888888889
2,0.6848726851851852
4,0.001828703703703704
2,0.006099537037037037
3,0.0008564814814814815
5,0.08628472222222222
4,5.338449074074074
2,35.87109953703704
5,0.0016087962962962965
4,23.02670138888889
4,47.13925925925926
4,103.02879629629628
2,21.92645833333333
4,0.003391203703703704
5,0.00010416666666666667
4,105.94736111111109
5,0.04224537037037037
1,0.9210185185185186
2,24.86439814814815
1,0.04525462962962963
2,0.0026967592592592594
2,1.856458333333333
5,0.00010416666666666667
4,63.23715277777778
2,0.00010416666666666667
4,0.006423611111111111
1,0.0028356481481481483
2,0.0018171296296296297
4,87.15260416666666
4,54.18350694444445
1,0.000300925925925926
2,27.957604166666666
4,0.03255787037037037
1,0.000787037037037037
2,5.106284722222221
5,9.25925925925926e-05
4,116.00166666666668
1,0.0005787037037037037
2,17.454444444444444
5,0.011724537037037037
4,14.089074074074073
5,0.0166087962962963
4,29.861296296296292
5,0.011180555555555556
4,31.965810185185184
4,44.03893518518518
5,0.006770833333333334
4,111.83814814814815
4,123.00958333333334
4,91.00966435185184
5,15.76667824074074
2,46.96239583333333
4,0.002268518518518519
2,0.00043981481481481486
5,49.749733796296304
4,110.66766203703705
2,0.009699074074074074
4,0.001261574074074074
5,44.07252314814814
4,75.01314814814816
5,0.016863425925925928
2,0.1774652777777778
5,0.8482291666666667
2,42.92021990740741
5,0.2071180555555556
2,0.03731481481481482
4,0.0008680555555555555
3,0.013414351851851851
3,3.0462615740740735
2,13.94355324074074
4,0.0008217592592592593
2,23.117997685185184
4,0.0004282407407407408
3,0.0009837962962962962
4,42.817106481481474
5,28.21074074074074
2,14.004120370370373
2,70.96677083333333
2,7.1197337962962965
4,19.83622685185185
4,0.004756944444444446
2,8.023761574074074
5,8.101851851851852e-05
2,20.27428240740741
5,0.006203703703703704
4,22.748240740740737
3,0.0002662037037037037
2,40.15189814814815
4,1.1574074074074072e-05
2,36.12424768518518
4,35.058703703703706
3,0.0003356481481481481
5,19.01297453703704
4,104.94848379629629
2,0.0005324074074074074
4,41.95383101851852
1,0.0020949074074074073
2,1.7432407407407406
4,18.176018518518518
4,123.05350694444445
4,41.21797453703704
2,159.1088773148148
4,0.0005092592592592592
4,119.15476851851852
3,41.914537037037036
2,85.11395833333333
4,0.0017824074074074075
2,0.0021759259259259253
3,3.9687847222222223
2,0.7699189814814815
5,21.442916666666665
2,77.01935185185185
4,34.221041666666665
4,26.745590277777783
4,26.744444444444447
4,9.942523148148148
1,0.0010879629629629627
2,12.060844907407407
1,0.0007638888888888888
2,86.06111111111113
4,0.011388888888888891
2,0.003888888888888889
5,36.09385416666667
2,48.17747685185186
4,0.0005092592592592592
3,0.00040509259259259264
2,43.142951388888896
4,0.005127314814814815
3,55.9578125
2,93.3165625
4,0.0009027777777777775
2,35.32737268518518
4,0.0003935185185185185
1,0.0039583333333333345
2,50.976782407407406
4,0.005891203703703704
4,7.29355324074074
4,3.784085648148148
5,0.0012152777777777778
5,0.0014583333333333336
1,25.366967592592587
2,1.0104861111111112
5,0.01923611111111111
1,42.12424768518518
2,5.253252314814816
4,6.603854166666666
4,32.923287037037035
3,21.95217592592593
2,0.0006597222222222222
4,0.000949074074074074
1,0.008819444444444444
2,0.0007291666666666668
4,56.954074074074065
2,15.696145833333333
4,0.002824074074074074
4,70.70310185185187
5,0.0017939814814814817
2,25.766087962962967
4,0.0002546296296296296
4,61.94328703703704
4,21.11228009259259
4,0.012002314814814816
4,5.00599537037037
4,129.8021412037037
5,0.00015046296296296297
4,18.80547453703704
4,5.033252314814815
1,0.008263888888888888
2,0.00537037037037037
1,0.004664351851851853
1,2.8669097222222213
2,0.1068287037037037
1,0.0012037037037037038
2,0.8195254629629629
1,0.00960648148148148
2,22.164513888888887
4,0.0005671296296296298
5,0.006516203703703704
1,14.459872685185184
3,39.40763888888889
5,5.143402777777778
4,23.056041666666665
4,23.26458333333333
4,42.042731481481475
3,0.001851851851851852
2,39.01685185185185
5,40.1860300925926
4,2.0756828703703705
4,81.1717824074074
2,0.001550925925925926
2,0.057650462962962966
1,0.0007638888888888888
2,0.00027777777777777783
1,0.00016203703703703703
2,0.0004166666666666667
4,0.05081018518518519
2,15.041921296296294
1,0.00400462962962963
2,1.1574074074074072e-05
2,0.0008217592592592593
4,0.011527777777777777
2,15.817407407407408
3,0.0004976851851851852
2,6.944444444444444e-05
4,0.0090625
2,0.05635416666666665
4,0.0013888888888888892
3,0.8244907407407407
2,3.1624421296296297
4,4.18712962962963
4,93.15616898148147
4,0.0005208333333333333
3,0.0021643518518518518
2,36.090208333333344
2,1.925949074074074
4,0.0006365740740740741
2,46.16621527777777
4,0.0002314814814814815
4,0.003298611111111111
2,0.0009606481481481482
1,0.004548611111111111
2,0.005543981481481481
4,0.0012731481481481485
1,0.0004976851851851852
2,0.8176157407407407
4,0.004189814814814815
2,6.977777777777778
4,24.953935185185184
4,64.73626157407408
1,0.003449074074074074
2,0.16975694444444445
4,0.004050925925925926
4,50.14334490740741
5,0.004803240740740741
4,7.838703703703704
4,69.04873842592593
2,7.156724537037038
4,53.99658564814815
4,3.0871180555555555
4,9.987488425925926
1,0.0036342592592592594
2,0.027511574074074074
5,0.002210648148148148
4,0.14322916666666666
3,17.073981481481482
2,45.02083333333334
4,0.00015046296296296297
4,0.006261574074074074
4,49.90542824074074
4,38.81822916666667
4,2.8262152777777776
2,0.04782407407407408
5,0.0012152777777777778
1,2.9572453703703703
2,0.9600462962962965
3,0.8031134259259259
2,89.07972222222222
4,1.1574074074074072e-05
4,7.5248842592592595
4,34.94857638888889
3,0.0008680555555555555
2,0.005185185185185185
4,28.800219907407413
4,76.85197916666667
4,34.873263888888886
2,103.92298611111113
4,0.0017824074074074075
4,90.9357175925926
4,24.959606481481487
1,0.008194444444444445
2,0.03744212962962963
1,0.0021990740740740738
2,5.148645833333333
2,0.7286574074074074
4,0.012141203703703704
5,26.01673611111111
2,8.150416666666667
4,0.023703703703703703
4,0.0008564814814814815
1,0.0006712962962962962
2,3.967835648148148
4,0.0009375
2,37.08518518518518
1,0.0004282407407407408
2,0.03914351851851852
4,0.0015277777777777779
1,0.00027777777777777783
2,0.013344907407407408
4,0.0071875
2,0.7390856481481481
4,0.011273148148148148
4,0.0013888888888888892
2,0.0003356481481481481
1,0.0011111111111111113
2,0.3575
7,0.003298611111111111
2,0.6401388888888889
1,0.0011111111111111113
2,2.5688194444444443
5,0.0015046296296296294
4,13.911550925925924
4,13.241157407407409
2,0.000787037037037037
4,33.102604166666666
3,0.00474537037037037
2,9.597025462962963
4,0.0008101851851851853
4,3.9615277777777784
3,0.0025694444444444445
2,125.04648148148148
4,2.314814814814815e-05
4,124.06070601851853
1,0.032488425925925934
2,48.9465162037037
4,0.010787037037037038
1,0.0004976851851851852
2,0.011388888888888891
1,0.0004282407407407408
3,0.16140046296296295
2,2.8721990740740733
4,2.895532407407408
3,0.0028587962962962963
2,18.97888888888889
3,0.03663194444444445
2,0.9774305555555556
4,0.0010185185185185184
3,0.000925925925925926
2,0.08543981481481483
4,3.700810185185185
4,2.9578240740740736
4,20.98204861111111
2,17.75920138888889
1,0.008483796296296297
2,0.023506944444444445
4,17.215520833333333
4,74.15471064814815
4,64.01771990740741
2,0.0028009259259259263
1,14.034976851851852
3,106.8402662037037
2,15.220439814814815
4,0.0027777777777777783
5,0.03494212962962963
2,1.6952546296296296
4,0.0005671296296296298
2,0.02648148148148148
2,0.003287037037037037
2,125.75769675925926
4,0.0007060185185185185
4,0.0005902777777777778
2,0.007488425925925926
4,127.9019675925926
1,0.004976851851851852
2,0.1990625
4,45.00590277777778
4,0.01699074074074074
4,132.8092476851852
4,36.83471064814815
4,0.0028587962962962963
2,16.108402777777773
4,0.00045138888888888887
2,0.02555555555555556
4,1.6965972222222223
4,0.002523148148148148
2,2.7086111111111117
4,13.341238425925924
2,3.748645833333333
4,0.021840277777777774
2,42.861597222222215
5,0.003368055555555556
4,43.060011574074075
1,1.8601504629629633
2,40.916053240740744
5,0.07295138888888889
3,0.03644675925925926
1,0.0003587962962962963
3,28.786504629629633
2,0.013622685185185186
4,8.101851851851852e-05
4,0.0005671296296296298
4,0.001851851851851852
4,0.0075694444444444455
2,0.0013888888888888892
5,4.803946759259259
4,88.1624074074074
3,0.02480324074074074
2,0.1540625
2,0.0015972222222222225
4,3.3919907407407406
4,0.003888888888888889
2,15.199861111111113
1,0.0021875
2,0.02528935185185185
4,4.957349537037037
4,0.0190625
4,3.782523148148148
2,105.9920023148148
4,0.0017013888888888886
4,0.0013888888888888892
1,0.0002662037037037037
2,3.0972800925925927
4,21.145891203703705
4,4.965393518518519
4,10.013541666666667
4,32.69796296296296
4,0.01834490740740741
4,0.0045370370370370365
4,65.08650462962963
4,78.01832175925927
4,3.2569675925925927
4,23.949212962962967
2,0.00034722222222222224
4,42.247118055555546
2,0.000625
5,0.0015393518518518519
3,0.0022337962962962962
4,66.93488425925926
3,0.0002314814814814815
2,0.8088425925925926
4,55.53478009259259
4,51.631319444444436
5,1.1263078703703704
2,54.881747685185175
4,38.90121527777778
4,80.8728587962963
4,0.0069560185185185185
4,0.9477199074074074
4,0.0018402777777777773
4,0.7761689814814815
4,13.8334375
1,0.0006712962962962962
2,1.5462615740740742
4,0.013657407407407408
4,35.123900462962965
4,35.10829861111111
4,0.07266203703703704
4,0.18944444444444444
1,0.004560185185185185
1,0.017407407407407406
2,0.8407060185185186
1,0.0011689814814814813
2,0.0036689814814814814
4,14.011608796296294
1,0.0034375
2,1.795011574074074
1,0.0014236111111111114
2,7.198090277777778
1,0.0009027777777777775
2,4.765405092592593
1,0.1864930555555556
1,1.818703703703704
2,0.07334490740740741
1,0.02231481481481481
2,2.950625
4,0.02974537037037037
4,0.0019560185185185184
4,48.86795138888889
4,67.36768518518518
4,95.18527777777778
4,0.003217592592592593
5,0.004039351851851852
4,10.804537037037036
5,0.0010185185185185184
4,118.02935185185187
2,21.86560185185185
4,34.998576388888885
4,34.23010416666666
2,61.16902777777778
4,0.002824074074074074
1,0.011898148148148149
2,1.1574074074074072e-05
1,0.00011574074074074077
2,7.112071759259258
1,0.0015277777777777779
2,0.005046296296296296
1,0.012789351851851852
2,26.04386574074075
3,0.000462962962962963
4,0.2500925925925926
4,0.003449074074074074
2,59.030289351851856
4,0.0033564814814814816
2,0.011215277777777777
4,0.0013657407407407407
2,0.002384259259259259
4,8.101851851851852e-05
2,5.005972222222222
4,0.003576388888888889
2,0.0007175925925925926
4,103.5719675925926
4,10.802893518518516
1,0.0019444444444444446
1,7.450243055555554
1,6.1346875
2,0.1371412037037037
4,32.869780092592585
2,8.212662037037036
4,0.0005324074074074074
5,0.000462962962962963
2,14.31199074074074
4,0.00010416666666666667
2,13.90699074074074
5,0.0010532407407407409
4,1.7617939814814816
4,50.85342592592593
4,66.14351851851852
4,23.084178240740737
5,0.012233796296296295
4,10.960752314814815
4,43.8113425925926
4,71.33858796296295
3,0.0006597222222222222
2,0.006550925925925926
4,50.141099537037036
1,0.003530092592592592
2,0.8841203703703704
4,46.84850694444446
4,96.80291666666666
4,4.745636574074074
2,0.0007407407407407407
4,0.00021990740740740743
3,0.0007407407407407407
5,0.04357638888888889
4,20.999953703703703
1,6.791099537037038
2,0.15134259259259258
1,0.10293981481481483
2,8.840219907407407
3,0.0025810185185185185
1,10.047835648148148
2,0.1533101851851852
3,0.0002546296296296296
2,3.8987615740740735
2,47.24981481481482
4,0.0011458333333333331
3,0.0012037037037037038
4,41.261666666666656
4,1.950648148148148
2,0.5573958333333333
4,5.9558680555555545
2,43.470069444444455
4,5.836631944444443
4,0.003576388888888889
3,0.013773148148148149
4,13.139594907407409
2,83.03226851851852
4,0.0006481481481481481
4,38.40262731481481
4,39.7268287037037
5,27.777418981481482
4,69.15511574074074
4,0.0010532407407407409
4,10.960034722222224
4,0.017800925925925925
5,0.004861111111111111
4,2.9271064814814816
2,53.80935185185186
4,0.009664351851851851
2,53.811493055555566
4,0.003912037037037037
5,4.800613425925926
4,75.14681712962962
2,58.76981481481482
4,0.0014583333333333336
5,0.0797337962962963
4,51.94657407407407
4,16.299027777777773
4,21.196041666666666
4,0.003263888888888889
4,0.0017476851851851852
3,0.0010995370370370369
4,78.24662037037038
4,3.034351851851852
4,49.99490740740741
4,13.800370370370368
2,0.016828703703703703
2,1.9180092592592592
2,89.07182870370372
4,0.003645833333333333
2,8.855405092592592
4,0.0021296296296296298
4,10.760671296296296
1,1.0103472222222225
2,0.3832870370370369
5,0.008287037037037037
2,34.75055555555556
4,0.000787037037037037
2,15.211875
5,0.8132407407407407
4,53.10681712962963
4,28.963634259259262
1,9.88398148148148
2,9.972164351851852
3,0.0003587962962962963
2,7.975127314814816
4,0.00027777777777777783
2,2.1536111111111107
1,0.006701388888888889
2,6.907546296296296
4,0.000625
2,0.05673611111111111
4,0.0028009259259259263
2,0.014618055555555556
2,19.751446759259263
4,71.99717592592594
5,13.860520833333334
4,6.8334837962962975
1,0.01920138888888889
2,1.3759375
4,34.149722222222216
4,35.223356481481474
4,13.003449074074075
4,13.045949074074073
5,0.023784722222222218
1,0.028530092592592593
2,0.19733796296296294
2,20.952314814814816
1,0.002013888888888889
2,0.005046296296296296
5,35.08373842592592
4,20.933310185185185
2,0.010868055555555556
1,0.000625
2,0.01982638888888889
4,32.920763888888885
4,26.10925925925926
4,46.758761574074065
5,0.006493055555555557
4,63.02027777777778
4,34.91751157407408
2,55.8553125
4,0.0001273148148148148
4,63.03887731481482
4,104.7770601851852
4,35.0925
4,33.769189814814816
1,0.0004166666666666667
2,0.018472222222222227
2,0.16068287037037038
4,22.25064814814815
4,14.121944444444445
3,0.0046875
5,4.011736111111111
2,22.21037037037037
1,0.0005092592592592592
2,36.07846064814815
4,0.0001967592592592593
4,25.25030092592593
5,7.242962962962962
4,75.70296296296296
5,3.8759722222222224
4,8.997025462962963
4,45.61724537037037
1,12.719097222222222
2,0.0956712962962963
1,0.10302083333333334
2,0.8107060185185185
4,0.00047453703703703693
4,20.75298611111111
3,0.8828472222222222
2,0.16123842592592594
5,6.928043981481483
4,31.014120370370367
5,0.016689814814814814
4,17.95491898148148
4,32.633287037037036
4,19.236597222222226
5,0.010763888888888887
4,7.19105324074074
